{"val_loss": [0.059541406143829224, 0.03531729187071323, 0.03828597864026669, 0.03181125786028569, 0.0333972778057112, 0.03548529444735632, 0.03182770605667938], "val_acc": [0.98, 0.9881, 0.9876, 0.9888, 0.9896, 0.9897, 0.9894], "loss": [0.197531829170386, 0.047905277009308335, 0.029627158682296675, 0.019750533863902093, 0.01380837735068053, 0.008873058707329134, 0.0058589526167449855], "acc": [0.9385166666666667, 0.9855333333015441, 0.9909333333651225, 0.9940833333333333, 0.9960833333333333, 0.9973333333333333, 0.9983666666666666]}