{"val_loss": [0.05835823489278555, 0.04146836074683815, 0.03222538553602062, 0.030880847123404966, 0.03193068823361536, 0.027249263306864304, 0.02738242022774648], "val_acc": [0.9824, 0.987, 0.989, 0.9896, 0.9893, 0.991, 0.9909], "loss": [0.2685102069536845, 0.0896065266251564, 0.06640724653800328, 0.05545059657990933, 0.04817528665661812, 0.04095635761121909, 0.03883965522547563], "acc": [0.9180333333651225, 0.9732166666348775, 0.9809, 0.9836833333015442, 0.9855333333015441, 0.9877166666666667, 0.9879]}